City_ID,City,Lat,Lng,Max Temp,Humidity,Cloudiness,Wind Speed,Country,Date
0,ribeira grande,38.5167,-28.7,59.77,85,63,8.01,PT,1683867896
1,gornyy,55.1153,83.9059,43.9,77,60,13.02,RU,1683868376
2,bethel,41.3712,-73.414,59.94,75,0,3.44,US,1683867893
3,yellowknife,62.456,-114.3525,54.12,43,75,4.61,CA,1683867894
4,port-aux-francais,-49.35,70.2167,46.85,91,100,46.42,TF,1683867895
5,adamstown,-25.066,-130.1015,72.37,61,100,18.5,PN,1683867892
6,nabire,-3.3667,135.4833,86.02,69,100,2.55,ID,1683868001
7,tekkali,18.6167,84.2333,94.35,44,88,8.28,IN,1683868377
8,ciudad bolivar,8.1222,-63.5497,81.77,61,58,10.58,VE,1683868304
9,ilulissat,69.2167,-51.1,26.62,93,75,11.5,GL,1683867940
10,cill airne,52.05,-9.5167,44.96,98,42,3.13,IE,1683868147
11,blackmans bay,-43.0167,147.3167,60.93,48,73,4.72,AU,1683867892
12,lincoln city,44.9582,-124.0179,55.6,91,45,1.01,US,1683868378
13,whakatane,-37.9585,176.9854,56.77,60,2,7.78,NZ,1683868378
14,whitehorse,60.7161,-135.0538,54.37,40,75,17.27,CA,1683867927
15,porto novo,6.4965,2.6036,80.56,86,82,2.98,BJ,1683867978
16,longyearbyen,78.2186,15.6401,22.84,80,75,9.22,SJ,1683867796
17,puerto natales,-51.7236,-72.4875,44.38,73,84,11.59,CL,1683867820
18,daru,-9.0763,143.2092,80.24,89,100,12.37,PG,1683868379
19,krasnaya gorbatka,55.8703,41.7641,55.09,71,8,5.79,RU,1683868379
20,ancud,-41.8697,-73.8203,53.98,98,100,5.84,CL,1683867940
21,atafu village,-8.5421,-172.5159,83.73,77,56,11.99,TK,1683867898
22,saint-francois,46.4154,3.9054,49.44,93,100,6.91,FR,1683868380
23,asau,46.4333,26.4,49.28,72,86,3.04,RO,1683868380
24,georgetown,5.4112,100.3354,93.15,70,20,10.36,MY,1683867959
25,rio grande,-32.035,-52.0986,61.11,56,83,8.5,BR,1683867946
26,avarua,-21.2078,-159.775,78.85,73,75,13.8,CK,1683867892
27,thompson,55.7435,-97.8558,53.76,50,20,9.22,CA,1683867841
28,port mathurin,-19.6833,63.4167,77.92,77,65,21.99,MU,1683867903
29,ca mau,9.1769,105.15,91.17,59,100,3.85,VN,1683868381
30,port lincoln,-34.7333,135.8667,61.25,57,11,10.67,AU,1683867958
31,kailua-kona,19.6406,-155.9956,78.76,84,20,8.05,US,1683868382
32,tadine,-21.55,167.8833,74.03,70,100,20.71,NC,1683868019
33,shahr-e babak,30.1165,55.1186,75.0,12,2,9.01,IR,1683868382
34,ad dawadimi,24.5077,44.3924,89.29,13,7,23.33,SA,1683868382
35,lebu,-37.6167,-73.65,54.68,91,100,3.42,CL,1683867941
36,edinburgh of the seven seas,-37.0676,-12.3116,62.96,87,95,27.63,SH,1683867925
37,ghazni,33.5536,68.4269,67.89,29,12,0.25,AF,1683868383
38,la passe,45.5549,-0.8967,50.99,88,89,5.37,FR,1683867960
39,kapa'a,22.0752,-159.319,75.52,81,75,8.05,US,1683868384
40,severo-yeniseyskiy,60.3725,93.0408,32.76,69,100,9.89,RU,1683868384
41,villa mercedes,-33.6757,-65.4578,61.21,68,33,9.8,AR,1683868384
42,badger,64.8,-147.5333,59.25,44,40,4.61,US,1683867898
43,iskateley,67.6803,53.1512,33.28,100,100,5.91,RU,1683867901
44,al kharijah,25.4514,30.5464,78.84,28,0,8.59,EG,1683868385
45,chandauli,25.2667,83.2667,98.65,7,0,6.64,IN,1683868385
46,ponta delgada,37.7333,-25.6667,61.52,88,75,4.61,PT,1683868386
47,san sebastian de la gomera,28.0916,-17.1133,67.15,88,0,3.44,ES,1683868009
48,pavlovka,52.6897,47.1405,48.33,90,100,7.83,RU,1683868386
49,pisco,-13.7,-76.2167,68.05,77,100,5.75,PE,1683867936
50,albany,42.6001,-73.9662,59.79,72,61,3.0,US,1683867887
51,grytviken,-54.2811,-36.5092,23.9,66,1,5.55,GS,1683867896
52,atasu,48.6814,71.6433,74.19,36,26,11.97,KZ,1683868387
53,hawaiian paradise park,19.5933,-154.9731,74.03,87,100,8.05,US,1683867892
54,valentin gomez farias,28.2167,-106.5833,63.84,15,23,13.4,MX,1683868388
55,waitangi,-43.9535,-176.5597,52.11,63,67,28.9,NZ,1683867891
56,bilibino,68.0546,166.4372,34.32,99,100,3.04,RU,1683867899
57,quzhou,28.9594,118.8686,73.83,63,71,7.16,CN,1683868389
58,punta arenas,-53.15,-70.9167,44.71,65,20,18.41,CL,1683867882
59,taoudenni,22.6783,-3.9836,87.96,11,89,8.34,ML,1683868390
60,angra do heroismo,38.65,-27.2167,63.12,88,70,4.61,PT,1683868390
61,iqaluit,63.7506,-68.5145,15.53,92,20,5.75,CA,1683867681
62,dadukou,26.5479,101.7054,79.34,37,80,8.12,CN,1683868391
63,labytnangi,66.6572,66.4183,21.07,92,97,5.35,RU,1683867908
64,tarawa,1.419,172.984,87.89,74,40,9.22,KI,1683868391
65,glace bay,46.1969,-59.957,37.89,84,0,5.01,CA,1683868391
66,wewak,-3.5534,143.6268,84.85,75,79,7.92,PG,1683868392
67,funtua,11.5233,7.3081,75.78,66,63,7.9,NG,1683868096
68,khash,28.2211,61.2158,85.86,13,14,7.11,IR,1683868392
69,valle hermoso,25.6667,-97.8333,82.29,90,54,13.65,MX,1683868392
70,ushuaia,-54.8,-68.3,46.06,76,100,13.8,AR,1683867912
71,port elizabeth,-33.918,25.5701,57.49,88,0,14.97,ZA,1683867618
72,naze,28.3667,129.4833,74.32,61,18,9.53,JP,1683867899
73,vila franca do campo,37.7167,-25.4333,61.21,89,99,1.57,PT,1683867929
74,new norfolk,-42.7826,147.0587,62.92,50,63,5.01,AU,1683867993
75,chernyshevskiy,63.0128,112.4714,40.78,67,100,11.61,RU,1683868394
76,olonkinbyen,70.9221,-8.7187,33.22,92,85,16.69,SJ,1683867900
77,kruisfontein,-34.0033,24.7314,56.59,74,100,14.36,ZA,1683867971
78,sivers'k,48.867,38.1001,51.89,69,2,6.78,UA,1683868395
79,vilyuchinsk,52.9306,158.4028,44.26,86,100,4.07,RU,1683867947
80,gaiman,-43.2897,-65.4929,59.92,49,100,7.99,AR,1683868396
81,piti village,13.4626,144.6933,90.48,73,40,6.91,GU,1683868396
82,calama,-22.4667,-68.9333,54.0,17,0,6.82,CL,1683868396
83,west sedona,34.8672,-111.8054,63.88,37,0,4.61,US,1683868397
84,hasaki,35.7333,140.8333,68.22,56,63,10.11,JP,1683868001
85,rongelap,11.1635,166.8941,81.61,80,74,16.93,MH,1683867938
86,tazacorte,28.629,-17.9293,65.37,89,75,13.8,ES,1683868013
87,lodja,-3.4833,23.4333,71.31,80,92,1.77,CD,1683868398
88,howrah,22.5892,88.3103,91.4,70,40,10.36,IN,1683867724
89,cuauhtemoc,28.4167,-106.8667,58.32,17,38,11.97,MX,1683868398
90,zhaotong,27.3167,103.7167,48.96,80,100,6.06,CN,1683868399
91,arraial do cabo,-22.9661,-42.0278,71.28,79,95,11.63,BR,1683867716
92,la ronge,55.1001,-105.2842,55.65,44,40,6.91,CA,1683867983
93,monrovia,6.3005,-10.7969,76.77,86,100,3.11,LR,1683867943
94,nadym,65.5333,72.5167,20.16,71,49,5.99,RU,1683868400
95,bridgewater,44.3835,-64.5155,43.63,95,62,3.0,CA,1683868400
96,buka,40.8108,69.1986,81.27,28,100,6.26,UZ,1683868400
97,boda,4.3189,17.4695,69.69,96,46,3.51,CF,1683868401
98,paramirim,-13.4425,-42.2389,71.83,60,82,1.05,BR,1683868401
99,willmar,45.1219,-95.0433,66.15,77,0,8.05,US,1683868401
100,ust-nera,64.5667,143.2,40.1,71,100,3.42,RU,1683867959
101,bubaque,11.2833,-15.8333,79.0,72,100,13.76,GW,1683867954
102,sarmiento,-45.5882,-69.07,54.18,58,100,13.87,AR,1683868402
103,kalymnos,36.95,26.9833,62.13,67,20,11.5,GR,1683868402
104,shache,38.4167,77.2406,77.56,8,95,2.44,CN,1683868403
105,miyaly,48.8844,53.7836,59.5,53,60,16.42,KZ,1683868403
106,padang,-0.9492,100.3543,87.85,66,17,5.41,ID,1683868404
107,west island,-12.1568,96.8225,85.98,74,75,12.66,CC,1683867764
108,isafjordur,66.0755,-23.124,41.79,96,100,6.13,IS,1683867898
109,roxas,11.5853,122.7511,85.14,67,94,8.81,PH,1683868404
110,acarau,-2.8856,-40.12,77.65,84,19,5.35,BR,1683868026
111,taltal,-25.4,-70.4833,61.34,83,22,1.19,CL,1683868405
112,touros,-5.1989,-35.4608,77.54,83,82,8.79,BR,1683868011
113,utrik,11.2278,169.8474,81.3,81,89,16.26,MH,1683867967
114,ola,59.5833,151.2833,48.15,80,64,6.49,RU,1683867930
115,yakeshi,49.2833,120.7333,64.31,41,86,17.25,CN,1683868406
116,kamaishi,39.2667,141.8833,55.53,65,11,7.7,JP,1683868406
117,polyarnyy,69.1989,33.4478,39.16,100,100,8.12,RU,1683867969
118,fale old settlement,-9.3852,-171.2468,83.79,76,24,13.6,TK,1683867991
119,nizhniy odes,63.6445,54.856,40.84,90,100,7.83,RU,1683868406
120,gorontalo,0.5412,123.0595,87.39,64,98,5.21,ID,1683868407
121,anadyr,64.75,177.4833,37.9,75,0,6.71,RU,1683867948
122,margaret river,-33.95,115.0667,63.52,56,92,13.65,AU,1683867922
123,lazaro cardenas,17.9583,-102.2,80.94,75,99,7.11,MX,1683867920
124,zalingei,12.9096,23.4741,80.17,45,99,4.74,SD,1683868408
125,bardai,11.65,7.2333,77.14,64,54,7.72,NG,1683868408
126,babadag,44.9,28.7167,51.82,87,54,1.14,RO,1683868408
127,grand gaube,-20.0064,57.6608,81.37,66,12,5.01,MU,1683868409
128,axtla de terrazas,21.4667,-98.85,78.71,94,9,3.85,MX,1683868409
129,torrington,41.8007,-73.1212,59.13,84,48,3.47,US,1683868409
130,jeddah,21.5169,39.2192,85.86,32,0,3.44,SA,1683868205
131,stanley,54.868,-1.6985,48.79,93,100,8.05,GB,1683867928
132,burang,30.25,81.1667,42.87,20,1,0.49,CN,1683868410
133,swift current,50.2834,-107.8014,48.81,83,49,2.15,CA,1683868411
134,enewetak,11.3474,162.3373,82.13,82,92,16.15,MH,1683867975
135,college,64.8569,-147.8028,59.32,47,40,4.61,US,1683867939
136,aasiaat,68.7098,-52.8699,25.02,93,100,6.26,GL,1683867797
137,ceeldheer,3.8488,47.1806,82.94,75,50,16.58,SO,1683868412
138,kheri sampla,28.7778,76.7753,96.89,7,5,5.64,IN,1683868412
139,papatowai,-46.5619,169.4708,51.73,90,97,9.06,NZ,1683867896
140,imbituba,-28.24,-48.6703,57.56,81,40,10.94,BR,1683868413
141,port-vila,-17.7338,168.3219,82.0,69,100,13.8,VU,1683867678
142,ezhva,61.8128,50.7283,56.98,51,0,8.95,RU,1683868414
143,banda aceh,5.5577,95.3222,88.7,62,100,3.33,ID,1683868414
144,afaahiti,-17.75,-149.2833,78.67,93,100,23.38,PF,1683868012
145,sao joao da barra,-21.6403,-41.0511,70.25,86,100,7.65,BR,1683868415
146,mramani,-12.3464,44.5286,79.72,72,72,1.36,KM,1683868415
147,port alfred,-33.5906,26.891,58.17,98,100,5.01,ZA,1683867917
148,huarmey,-10.0681,-78.1522,71.56,87,99,7.78,PE,1683868415
149,bredasdorp,-34.5322,20.0403,52.61,78,91,12.73,ZA,1683867900
150,bhit shah,25.8044,68.4927,98.65,18,0,13.89,PK,1683868416
151,carnarvon,-24.8667,113.6333,77.2,52,0,9.8,AU,1683867937
152,tiksi,71.6872,128.8694,15.87,77,94,15.73,RU,1683867893
153,ghat,24.9647,10.1728,71.47,25,100,5.55,LY,1683868037
154,petropavlovsk-kamchatsky,53.0452,158.6483,42.78,70,75,4.47,RU,1683867898
155,santa cruz,-17.8,-63.1667,71.06,83,75,8.05,BO,1683868006
156,isangel,-19.55,169.2667,78.91,89,100,0.0,VU,1683867989
157,nuku'alofa,-21.1333,-175.2,79.14,83,20,3.44,TO,1683867982
158,funafuti,-8.5243,179.1942,84.2,94,75,10.36,TV,1683868418
159,san luis de la loma,17.2706,-100.8939,80.96,79,91,2.08,MX,1683868418
160,bodo,67.28,14.405,44.78,98,100,11.5,NO,1683868419
161,jasper,37.2001,-94.3502,71.89,83,100,6.91,US,1683868319
162,kamyshlov,56.8428,62.7111,50.56,35,7,8.39,RU,1683868419
163,sturgis,41.7992,-85.4192,62.73,45,0,5.75,US,1683868419
164,meizhou,24.2977,116.1072,69.64,91,100,1.92,CN,1683868420
165,laguna,38.421,-121.4238,65.75,69,0,6.91,US,1683868420
166,portland,45.5234,-122.6762,64.98,65,64,1.23,US,1683867754
167,port blair,11.6667,92.75,85.55,76,94,22.57,IN,1683868420
168,mashhad,36.297,59.6062,73.54,49,0,4.61,IR,1683868420
169,waingapu,-9.6567,120.2641,83.55,60,83,15.57,ID,1683868421
170,cellole,41.2048,13.8543,60.24,87,8,5.46,IT,1683868421
171,vilyuysk,63.7553,121.6247,46.13,36,1,4.92,RU,1683867946
172,estes park,40.3772,-105.5217,43.92,96,100,13.0,US,1683868148
173,st ives,50.2086,-5.4875,50.32,92,1,11.54,GB,1683868421
174,mont-dore,-22.2833,166.5833,75.99,99,99,10.87,NC,1683868421
175,chonchi,-42.6128,-73.8092,55.11,99,100,1.81,CL,1683867897
176,comodoro rivadavia,-45.8667,-67.5,60.66,44,0,18.41,AR,1683868354
177,bella vista,36.4295,-94.2316,72.41,88,0,12.66,US,1683868422
178,keta,5.9179,0.9879,82.27,83,31,7.72,GH,1683868015
179,fort saskatchewan,53.7168,-113.2187,57.99,77,69,4.88,CA,1683868422
180,balsas,-7.5325,-46.0356,73.74,83,83,1.34,BR,1683868423
181,rabo de peixe,37.8,-25.5833,60.31,88,75,4.61,PT,1683868423
182,gizo,-8.103,156.8419,84.36,74,57,4.14,SB,1683868011
183,punta del este,-34.9667,-54.95,52.97,93,20,5.75,UY,1683868423
184,kyzyl-mazhalyk,51.1333,90.6,69.33,31,77,12.41,RU,1683868016
185,weno,7.4515,151.8468,87.75,74,75,5.75,FM,1683868029
186,guayaramerin,-10.8368,-65.3614,71.42,94,98,1.88,BO,1683868424
187,baley,51.6,116.6333,54.27,18,33,13.2,RU,1683868424
188,constantia,44.1833,28.65,52.7,61,72,13.09,RO,1683868005
189,saint-julien-les-villas,48.2667,4.1,49.96,93,47,6.91,FR,1683868355
190,lompoc,34.6391,-120.4579,53.94,91,40,11.5,US,1683867909
191,mount gambier,-37.8333,140.7667,60.17,51,3,5.53,AU,1683867917
192,phan rang-thap cham,11.5667,108.9833,88.97,62,100,7.07,VN,1683868425
193,mil'kovo,55.6078,37.7956,59.41,64,55,4.03,RU,1683868425
194,al ghayzah,16.2079,52.176,84.11,62,22,3.09,YE,1683868425
195,yarmouth,41.7057,-70.2286,58.96,83,0,5.99,US,1683867711
196,rundu,-17.9333,19.7667,56.07,45,6,5.99,NA,1683867976
197,ar ruways,24.1103,52.7306,89.29,42,1,2.82,AE,1683868426
198,san patricio,28.017,-97.5169,80.83,95,8,12.55,US,1683867933
199,laojunmiao,39.8333,97.7333,64.85,9,1,9.93,CN,1683867904
200,ermoupolis,37.4423,24.9425,61.5,63,20,16.11,GR,1683868426
201,paita,-5.0892,-81.1144,75.99,79,56,11.21,PE,1683868426
202,kill devil hills,36.0307,-75.676,66.97,75,0,9.22,US,1683868427
203,tindouf,27.6711,-8.1474,75.65,33,0,18.41,DZ,1683867970
204,aykhal,66.0,111.5,33.55,100,100,18.43,RU,1683868427
205,talnakh,69.4865,88.3972,7.21,78,45,10.29,RU,1683867917
206,mersa matruh,31.3525,27.2453,64.69,82,18,10.71,EG,1683868427
207,el porvenir,13.7617,-87.3458,72.73,83,89,3.49,HN,1683868428
208,zeya,53.75,127.2667,65.21,47,100,8.16,RU,1683867915
209,larkird,35.4894,66.6641,67.35,48,6,5.06,AF,1683868428
210,jamestown,42.097,-79.2353,58.64,71,0,3.44,US,1683867985
211,invercargill,-46.4,168.35,51.78,83,97,3.85,NZ,1683867632
212,nar'yan-mar,67.6713,53.087,33.42,100,100,5.75,RU,1683867947
213,san antonio de pale,-1.4014,5.6325,82.44,80,94,10.54,GQ,1683867952
214,saint-paul,-21.0096,55.2707,80.69,81,75,4.03,RE,1683868429
215,uturoa,-16.7333,-151.4333,76.46,90,100,21.36,PF,1683867919
216,san rafael,-34.6177,-68.3301,60.17,57,46,6.62,AR,1683868429
217,paredon,16.0333,-93.8667,83.5,69,77,3.31,MX,1683868429
218,harstad,68.799,16.5293,43.99,100,97,13.0,NO,1683868430
219,burgersdorp,-30.9977,26.3286,48.7,62,91,2.37,ZA,1683868430
220,beloyarskiy,63.7119,66.6722,41.11,56,98,6.04,RU,1683868430
221,vuktyl,63.8567,57.3094,37.45,91,100,11.18,RU,1683868430
222,qaqortoq,60.7167,-46.0333,35.15,85,100,5.19,GL,1683867894
223,wailua homesteads,22.0669,-159.378,74.19,82,75,8.05,US,1683867946
224,saldanha,-33.0117,17.9442,51.85,71,22,31.05,ZA,1683867915
225,mangai,-4.05,19.5333,69.96,83,19,1.5,CD,1683868431
226,qamdo,31.1667,97.2333,34.36,45,100,5.88,CN,1683867897
227,fort mcmurray,56.7268,-111.381,54.41,81,29,1.9,CA,1683868260
228,grand-lahou,5.1367,-5.0242,81.05,87,100,7.0,CI,1683868431
229,santana,-0.0583,-51.1817,77.18,100,0,2.3,BR,1683867945
230,erdenet,49.0333,104.0833,52.66,51,33,10.13,MN,1683868432
231,tsiombe,-25.3,45.4833,73.2,70,47,4.25,MG,1683868432
232,urucara,-2.5364,-57.76,72.72,99,99,0.74,BR,1683868432
233,choma,-16.8065,26.9531,55.56,57,2,4.43,ZM,1683868432
234,akureyri,65.6835,-18.0878,48.22,82,100,15.99,IS,1683868039
235,petoskey,45.3733,-84.9553,56.03,80,0,0.0,US,1683868433
236,kharp,66.8014,65.8081,22.86,92,100,6.31,RU,1683868433
237,sur,22.5667,59.5289,94.84,37,0,3.27,OM,1683868434
238,kapuskasing,49.4169,-82.4331,57.29,82,40,6.91,CA,1683867926
239,okha,53.5739,142.9478,45.5,64,8,4.12,RU,1683867968
240,stony plain,53.5334,-114.0021,56.71,74,44,3.0,CA,1683868434
241,tazovsky,67.4667,78.7,10.49,82,51,9.31,RU,1683868044
242,nieuw amsterdam,5.8833,-55.0833,76.01,92,97,6.4,SR,1683868435
243,sterling,39.0062,-77.4286,64.22,83,0,3.44,US,1683868188
244,baixa grande,-11.9597,-40.1681,68.95,97,98,1.41,BR,1683868435
245,baiti,13.745,-14.7482,79.65,35,57,6.62,SN,1683868435
246,vorgashor,67.5833,63.95,22.62,84,17,7.43,RU,1683867948
247,ascoli satriano,41.2061,15.5615,50.49,85,4,7.58,IT,1683868436
248,acapulco de juarez,16.8634,-99.8901,82.22,74,40,3.44,MX,1683868216
249,east london,-33.0153,27.9116,61.74,94,75,14.97,ZA,1683867989
250,kerikeri,-35.2268,173.9474,59.92,67,10,1.01,NZ,1683867930
251,prince rupert,54.3161,-130.3201,51.87,76,100,6.53,CA,1683868420
252,charters towers,-20.1,146.2667,76.01,51,78,16.15,AU,1683868437
253,newman,37.3138,-121.0208,66.43,74,0,4.0,US,1683868006
254,alofi,-19.0595,-169.9187,80.49,78,5,11.5,NU,1683867943
255,sultanah,24.4926,39.5857,81.05,12,0,3.44,SA,1683868437
256,broome,42.2506,-75.833,59.67,73,23,3.65,US,1683868437
257,ta`u,-14.2336,-169.5144,81.81,76,25,9.4,AS,1683867921
258,beidao,34.5686,105.8933,73.71,25,77,5.44,CN,1683868438
259,kotka,60.4664,26.9458,56.46,60,17,7.45,FI,1683868329
260,cristalina,-16.7686,-47.6136,59.95,79,50,4.38,BR,1683868216
261,zhongshu,24.5167,103.7667,58.95,83,100,5.66,CN,1683868438
262,puerto ayora,-0.7393,-90.3518,75.54,99,39,1.99,EC,1683867902
263,la foa,-21.7108,165.8276,76.24,62,99,10.33,NC,1683868439
264,novska,45.3406,16.9769,52.25,97,100,3.24,HR,1683868439
265,klaksvik,62.2266,-6.589,47.32,82,56,7.23,FO,1683868032
266,ondjiva,-17.0667,15.7333,60.26,41,24,5.12,AO,1683868439
267,nemuro,43.3236,145.575,44.74,76,20,11.12,JP,1683867960
268,tobol'sk,58.2,68.2667,44.37,37,10,4.27,RU,1683868183
269,nhamunda,-2.1861,-56.7131,73.94,98,99,1.86,BR,1683868440
270,pacific grove,36.6177,-121.9166,56.52,86,75,4.61,US,1683868440
271,tolanaro,-25.0319,46.9987,75.27,88,40,18.41,MG,1683867928
272,santa marta de ortigueira,43.6833,-7.85,56.25,82,87,1.01,ES,1683868440
273,tejen,37.3834,60.5054,83.95,27,11,10.87,TM,1683868441
274,yuzhno-kurilsk,44.0306,145.8556,46.17,66,17,1.12,RU,1683868033
275,xining,36.6167,101.7667,56.64,29,88,1.28,CN,1683868441
276,keflavik,64.0049,-22.5624,44.51,100,100,6.91,IS,1683867963
277,fortuna,40.5982,-124.1573,53.65,90,100,3.44,US,1683868006
278,island harbour,50.724,-1.2758,51.93,95,15,5.01,GB,1683868442
279,kidal,18.4411,1.4078,88.92,11,100,9.95,ML,1683868442
280,hermanus,-34.4187,19.2345,49.8,75,93,16.75,ZA,1683867893
281,ladario,-19.0047,-57.6017,69.64,71,90,3.42,BR,1683868443
282,margate,51.3813,1.3862,52.9,88,100,13.0,GB,1683867716
283,egersund,58.4513,5.9997,49.08,88,90,3.24,NO,1683868001
284,sinop,41.7711,34.8709,46.83,89,99,4.81,TR,1683867977
285,tres palos,18.1833,-101.6167,75.63,88,94,3.69,MX,1683868444
286,kodiak,57.79,-152.4072,42.31,87,100,14.97,US,1683867919
287,saipan,15.1355,145.701,92.1,100,40,8.01,MP,1683867948
288,galle,6.0367,80.217,82.18,84,100,13.11,LK,1683868444
289,phang nga,8.4509,98.5298,93.24,47,81,4.25,TH,1683868445
290,chernomorskoye,45.5039,32.6997,53.4,67,13,11.27,UA,1683868445
291,dudinka,69.4058,86.1778,7.63,90,78,15.28,RU,1683867910
292,mazamari,-11.3258,-74.5308,69.1,99,100,0.89,PE,1683868446
293,antofagasta,-23.65,-70.4,58.28,79,24,2.24,CL,1683868446
294,macheng,31.1783,115.0319,76.26,49,3,4.74,CN,1683868446
295,yuzhne,46.6221,31.1013,53.17,58,12,10.29,UA,1683868446
296,nova vicosa,-17.8919,-39.3719,74.82,85,98,4.34,BR,1683868447
297,qarayeri,40.7886,46.3066,58.08,94,100,11.5,AZ,1683868447
298,bodaybo,57.8506,114.1933,43.52,61,38,5.41,RU,1683868447
299,kokopo,-4.352,152.2633,79.36,88,99,3.67,PG,1683868448
300,ghadamis,30.1337,9.5007,73.69,21,0,17.09,LY,1683868448
301,sitka,57.0531,-135.33,47.59,93,100,4.65,US,1683867840
302,sao vicente,-23.9631,-46.3919,69.98,26,88,3.0,BR,1683868448
303,mana,5.6592,-53.7767,76.95,90,100,6.49,GF,1683868448
304,hadibu,12.65,54.0333,84.51,68,100,1.7,YE,1683868028
305,machakos,-1.5167,37.2667,62.55,85,24,1.23,KE,1683868449
306,fu'an,27.0892,119.6453,71.94,77,96,1.34,CN,1683868449
307,prainha,-1.8,-53.48,73.11,99,100,0.78,BR,1683868450
308,nikolayevsk-on-amure,53.1406,140.73,60.55,28,6,3.91,RU,1683868450
309,callao,-12.0667,-77.15,71.89,73,100,10.36,PE,1683868450
310,bilmak,47.3624,36.6511,50.77,69,0,7.0,UA,1683868450
311,kavaratti,10.5669,72.642,84.97,66,100,5.37,IN,1683867982
312,dwarka,22.2394,68.9678,87.91,60,0,14.29,IN,1683868451
313,minas de marcona,-15.2119,-75.1103,56.79,89,38,8.55,PE,1683867897
314,karatau,43.1667,70.4667,82.56,25,100,3.06,KZ,1683868452
315,honiara,-9.4333,159.95,86.16,70,77,9.91,SB,1683868452
316,usogorsk,63.4106,48.6872,50.31,83,83,6.4,RU,1683868452
317,fort bragg,35.139,-79.006,65.19,78,0,4.61,US,1683867794
318,camana,-16.6228,-72.7111,66.42,83,33,4.94,PE,1683868453
319,nago,26.5881,127.9761,77.45,58,19,8.99,JP,1683868260
320,borinskoye,52.4569,39.3713,51.37,71,74,9.17,RU,1683868453
321,edd,13.9297,41.6925,86.04,71,2,3.62,ER,1683868454
322,kirakira,-10.4544,161.9205,84.07,75,75,12.15,SB,1683868010
323,dakhla,23.6848,-15.958,65.37,89,18,15.37,EH,1683868005
324,nizhneudinsk,54.9076,99.0276,59.49,54,99,7.49,RU,1683868454
325,shengli,37.4564,118.4856,85.6,20,0,11.81,CN,1683868455
326,changli,39.7042,119.1506,80.46,28,2,18.07,CN,1683868456
327,vadso,70.0744,29.7487,45.48,100,75,11.5,NO,1683867993
328,chenzhou,25.8,113.0333,75.61,57,51,6.58,CN,1683868457
329,flying fish cove,-10.4217,105.6791,82.08,89,100,12.66,CX,1683867977
330,san carlos,9.6612,-68.5827,77.68,65,69,2.48,VE,1683868457
331,macau,22.2006,113.5461,76.8,88,40,12.66,MO,1683868458
332,hithadhoo,-0.6,73.0833,83.34,75,100,16.35,MV,1683867920
333,maun,-19.9833,23.4167,57.16,54,0,5.75,BW,1683867947
334,hamilton,39.1834,-84.5333,68.99,86,0,0.0,US,1683867854
335,katsuura,35.1333,140.3,64.18,55,97,6.46,JP,1683867939
336,alice springs,-23.7,133.8833,71.15,18,0,10.36,AU,1683868022
337,remire-montjoly,4.9167,-52.2667,75.24,94,100,0.0,GF,1683867931
338,lihue,21.9789,-159.3672,74.79,80,75,8.05,US,1683867932
339,tuni,17.35,82.55,90.54,53,100,3.58,IN,1683868460
340,umm kaddadah,13.6017,26.6876,87.55,28,86,4.23,SD,1683868460
341,magdalena de kino,30.6333,-110.95,63.93,26,13,3.98,MX,1683868460
342,ulysses,37.5814,-101.3552,62.1,72,0,17.27,US,1683868461
343,vanino,49.0869,140.2543,50.07,53,0,8.1,RU,1683868461
344,aripuana,-9.1667,-60.6333,71.94,95,100,0.69,BR,1683868461
345,keelung,25.1283,121.7419,84.09,75,86,3.78,TW,1683868462
346,thunder bay,48.4001,-89.3168,51.78,87,20,20.71,CA,1683867939
347,mount darwin,-16.7725,31.5838,59.45,73,2,2.1,ZW,1683868462
348,colonia,50.9333,6.95,55.96,91,75,5.75,DE,1683867990
349,chodavaram,17.8333,82.95,93.04,37,88,3.29,IN,1683868463
350,mokokchung,26.3333,94.5333,81.37,32,93,3.83,IN,1683868463
351,saint-pierre,-21.3393,55.4781,79.57,61,0,9.22,RE,1683867895
352,kattivakkam,13.2167,80.3167,93.29,68,100,5.19,IN,1683868463
353,kingston,17.997,-76.7936,81.55,85,20,10.36,JM,1683867875
354,nagqu,31.5,92.0,32.88,34,100,6.04,CN,1683868464
355,wodonga,-36.1167,146.8833,67.26,100,85,1.23,AU,1683868464
356,yuxi,24.355,102.5422,70.43,64,100,5.75,CN,1683868465
357,geraldton,-28.7667,114.6,81.01,36,21,11.5,AU,1683867793
358,greenville,35.6127,-77.3663,64.44,86,0,4.61,US,1683868465
359,paradip garh,20.3167,86.6167,89.98,59,100,9.6,IN,1683868466
360,flin flon,54.7682,-101.865,54.5,46,100,8.55,CA,1683868466
361,lijiang,26.8688,100.2207,73.58,22,61,5.17,CN,1683868467
362,mabaruma,8.2,-59.7833,73.29,95,78,1.63,GY,1683868467
363,broken hill,-31.95,141.4333,68.45,24,55,4.85,AU,1683868468
364,guiuan,11.0333,125.7247,84.24,73,73,8.19,PH,1683868468
365,carepa,7.7585,-76.6525,74.95,98,99,2.19,CO,1683868468
366,mount pearl,47.5166,-52.7813,37.15,69,40,17.27,CA,1683867793
367,puerto leguizamo,-0.1934,-74.7819,71.2,97,65,0.63,CO,1683868469
368,samraong,12.4526,105.5873,89.89,64,96,4.21,KH,1683868469
369,aswan,24.0934,32.907,84.58,20,0,19.71,EG,1683868010
370,rudnichnyy,59.617,52.4703,52.11,45,47,4.5,RU,1683868469
371,kodinsk,58.6881,99.1844,56.73,31,100,1.63,RU,1683868470
372,covington,39.0837,-84.5086,69.48,84,0,0.0,US,1683868321
373,maloye ganyushkino,46.6,49.2667,56.44,57,1,15.55,KZ,1683868470
374,revuca,48.6835,20.1173,50.58,76,100,4.23,SK,1683868470
375,torghay,49.6339,63.4981,68.81,43,75,9.69,KZ,1683867943
376,st. john's,47.5649,-52.7093,37.98,69,40,17.27,CA,1683867955
377,betio village,1.358,172.9211,87.84,79,100,12.06,KI,1683868471
378,pleasanton,37.6624,-121.8747,57.42,84,0,7.0,US,1683868390
379,binzhou,37.3667,118.0167,86.02,21,1,13.53,CN,1683868471
380,america dourada,-11.4553,-41.4361,70.74,77,98,3.47,BR,1683868472
381,shingu,33.7333,135.9833,68.45,52,39,4.65,JP,1683868472
382,prado,-17.3411,-39.2208,72.41,87,89,2.8,BR,1683867865
383,gardabani,41.4605,45.0928,57.29,81,80,3.8,GE,1683868473
384,novodvinsk,64.4165,40.8122,47.7,72,99,3.04,RU,1683868474
385,mount isa,-20.7333,139.5,82.17,24,0,9.22,AU,1683867912
386,tahmoor,-34.2167,150.5833,73.8,47,3,2.62,AU,1683868474
387,cabo san lucas,22.8909,-109.9124,72.61,66,23,15.99,MX,1683867919
388,belyy yar,53.6039,91.3903,51.69,66,0,20.13,RU,1683867893
389,antalaha,-14.9003,50.2788,78.19,68,4,4.92,MG,1683868475
390,tura,25.5198,90.2201,96.33,28,72,2.19,IN,1683867878
391,codrington,-38.2667,141.9667,58.77,59,49,7.56,AU,1683868019
392,hanting,36.7708,119.2108,84.61,20,22,10.98,CN,1683868475
393,petnjica,42.9092,19.9638,48.97,92,49,3.42,ME,1683867913
394,ha'il,27.5219,41.6907,73.42,21,0,4.61,SA,1683867968
395,darwin,-12.4611,130.8418,87.89,22,0,11.5,AU,1683867939
396,udachny,66.4167,112.4,41.45,44,100,17.05,RU,1683867914
397,ayora,39.0585,-1.0563,55.08,85,98,1.52,ES,1683868477
398,general acha,-37.377,-64.6043,52.99,77,96,11.07,AR,1683868477
399,ouallam,14.3188,2.0866,84.6,52,99,11.23,NE,1683868478
400,kasaragod,12.5,75.0,89.56,63,100,2.64,IN,1683868478
401,castillos,-34.1667,-53.8333,53.02,68,37,1.28,UY,1683868478
402,gadzhiyevo,69.2551,33.3362,38.41,100,100,8.63,RU,1683868479
403,selkirk,50.1436,-96.8845,63.09,62,100,7.76,CA,1683868479
404,puerto baquerizo moreno,-0.9,-89.6,78.66,88,73,8.57,EC,1683867767
405,koryazhma,61.3143,47.1691,57.02,69,95,5.37,RU,1683868480
406,cadillac,44.2519,-85.4012,49.91,76,0,0.0,US,1683868480
407,tralee,52.2704,-9.7026,45.16,96,15,3.29,IE,1683868021
408,turpan,42.9333,89.1667,92.25,7,92,4.52,CN,1683867921
409,brokopondo,4.75,-55.1667,75.47,93,100,4.52,SR,1683868481
410,vershino-darasunskiy,52.35,115.5167,53.69,18,0,9.44,RU,1683868481
411,palikir - national government center,6.9248,158.1611,86.74,79,75,4.61,FM,1683868481
412,emerald,-23.5333,148.1667,77.34,46,81,15.99,AU,1683868481
413,carutapera,-1.195,-46.02,76.19,93,28,3.8,BR,1683867821
414,walvis bay,-22.9575,14.5053,58.08,89,100,3.42,NA,1683868482
415,santyoku,37.4406,129.1708,66.76,62,100,5.93,KR,1683868482
416,nakamura,32.9833,132.9333,71.69,45,67,6.26,JP,1683868482
417,tabou,4.423,-7.3528,80.62,85,96,4.54,CI,1683868482
418,keetmanshoop,-26.5833,18.1333,55.62,49,100,5.82,NA,1683868483
419,carbonear,47.7332,-53.2148,38.43,74,42,4.85,CA,1683868483
420,saint-philippe,-21.3585,55.7679,78.39,76,95,10.92,RE,1683868483
421,westport,41.1415,-73.3579,64.33,75,0,3.44,US,1683868240
422,baracoa,20.3467,-74.4958,77.34,87,100,3.98,CU,1683868484
423,port hedland,-20.3167,118.5667,91.45,8,5,17.27,AU,1683868484
424,arenas de san pedro,40.2104,-5.0869,46.24,66,12,6.51,ES,1683868484
425,belmonte,-15.8631,-38.8828,74.91,85,65,4.25,BR,1683867957
426,sarrebourg,48.7333,7.05,52.41,97,100,0.65,FR,1683868484
427,devrekani,41.603,33.8392,43.38,86,100,4.47,TR,1683868485
428,papao,-17.75,-149.55,80.28,95,100,22.55,PF,1683867983
429,basco,20.4487,121.9702,77.99,70,71,12.5,PH,1683868485
430,altai,46.3722,96.2583,55.69,25,32,13.53,MN,1683867924
431,kirkwood,38.5834,-90.4068,71.42,93,100,9.22,US,1683868485
432,tucurui,-3.7661,-49.6725,73.45,96,64,2.33,BR,1683868485
433,chokwe,-24.5333,32.9833,66.11,77,0,5.44,MZ,1683868486
434,karratha,-20.7377,116.8463,84.96,18,0,17.31,AU,1683868003
435,kodinar,20.7903,70.7031,97.09,33,1,12.62,IN,1683868486
436,khargupur,27.3833,81.9833,99.77,7,0,8.61,IN,1683868486
437,port macquarie,-31.4333,152.9167,70.9,64,2,8.77,AU,1683867998
438,zaysan,47.4667,84.8667,79.7,18,97,5.08,KZ,1683868487
439,sutherlin,43.3901,-123.3126,64.4,73,0,3.44,US,1683868487
440,chimore,-16.9833,-65.1333,72.23,80,100,2.13,BO,1683868487
441,blackwater,-23.5833,148.8833,77.07,38,54,11.83,AU,1683868487
442,springs,-26.25,28.4,53.67,84,20,3.89,ZA,1683868488
443,east tamworth,-31.0894,150.9436,71.19,30,40,3.44,AU,1683868488
444,kourou,5.1552,-52.6478,75.25,92,90,6.87,GF,1683868014
445,brandon,27.9378,-82.2859,80.46,76,40,1.99,US,1683868317
446,ribeira brava,32.65,-17.0667,68.0,69,32,10.2,PT,1683867956
447,lupane,-18.9315,27.807,54.82,64,3,3.51,ZW,1683868488
448,colby,39.3958,-101.0524,52.83,86,75,11.01,US,1683868489
449,bandrele,-12.9067,45.1914,78.55,94,0,4.61,YT,1683868489
450,lorengau,-2.0226,147.2712,83.39,80,100,4.92,PG,1683868489
451,barrouallie,13.2333,-61.2667,76.64,81,99,7.18,VC,1683868489
452,castro,-24.7911,-50.0119,45.72,69,6,1.95,BR,1683868489
453,kollam,8.8833,76.6,85.68,69,100,4.43,IN,1683868490
454,gornozavodsk,58.3758,58.3211,51.28,48,43,5.79,RU,1683868490
455,seryshevo,51.0933,128.3786,75.4,25,100,16.89,RU,1683868490
456,sidney,-33.8679,151.2073,76.89,64,20,10.36,AU,1683868417
457,ulladulla,-35.35,150.4667,68.77,57,20,7.63,AU,1683867997
458,puerto aysen,-45.4,-72.7,53.69,98,100,4.5,CL,1683868490
459,illizi,26.4833,8.4667,71.4,21,95,8.81,DZ,1683867743
460,limavady,55.0504,-6.9507,51.39,93,20,3.44,GB,1683868491
461,junin de los andes,-39.9504,-71.0694,54.75,67,100,4.0,AR,1683868491
462,puruliya,23.3333,86.3667,97.63,6,100,0.94,IN,1683868491
463,kaga bandoro,6.9896,19.1874,72.66,91,82,3.83,CF,1683868491
464,qalat,32.1058,66.9083,78.03,21,1,1.92,AF,1683868492
465,nantucket,41.2835,-70.0995,57.99,82,43,13.15,US,1683867660
466,yulinshi,38.2906,109.7494,75.36,15,5,23.35,CN,1683868492
467,guerrero negro,27.9769,-114.0611,58.24,82,81,20.04,MX,1683867959
468,nili,33.7218,66.1302,68.02,26,8,1.7,AF,1683868493
469,nyurba,63.2842,118.3319,47.3,39,20,8.19,RU,1683868493
470,amungan,15.3652,119.9582,86.61,72,76,5.77,PH,1683868493
471,kargasok,59.0556,80.8572,37.85,37,92,12.91,RU,1683867999
472,haikou,20.0458,110.3417,79.27,88,99,12.57,CN,1683868494
473,las lomitas,-24.7096,-60.593,56.73,79,0,4.94,AR,1683868494
474,colon,9.3592,-79.9014,81.36,81,32,3.69,PA,1683868494
475,kyren,51.6828,102.1408,65.52,34,50,7.47,RU,1683868494
476,bakanas,44.8081,76.2772,84.33,16,100,10.25,KZ,1683867964
477,lagunas,-5.2269,-75.6753,71.8,99,35,1.14,PE,1683868495
478,keren,15.7778,38.4581,79.07,38,8,5.35,ER,1683868011
479,san juan pueblo,15.5833,-87.2333,77.76,87,99,4.05,HN,1683868495
480,basoko,1.2391,23.616,73.26,87,61,2.35,CD,1683868495
481,nouadhibou,20.931,-17.0347,63.43,95,52,17.63,MR,1683867976
482,kone,-21.0595,164.8658,77.16,63,100,7.56,NC,1683868044
483,hailar,49.2,119.7,55.17,70,99,11.3,CN,1683868496
484,arauco,-37.2463,-73.3175,56.07,82,91,4.27,CL,1683868496
485,turbiv,49.3479,28.7212,49.42,62,5,3.71,UA,1683868496
486,egilsstadir,65.2653,-14.3948,48.51,85,100,13.8,IS,1683868496
487,luimneach,52.6647,-8.6231,44.55,98,10,4.23,IE,1683868497
488,songea,-10.6833,35.65,64.85,83,95,1.21,TZ,1683868497
489,pinas,-3.6667,-79.65,68.0,93,99,2.59,EC,1683868497
490,shalqar,47.8333,59.6,75.04,40,13,7.47,KZ,1683868497
491,kawardha,22.0167,81.25,100.04,8,47,4.12,IN,1683868497
492,nandu,22.8525,110.8233,66.9,96,100,3.67,CN,1683868498
493,kendari,-3.945,122.4989,86.81,64,37,6.29,ID,1683868498
494,karasu,41.071,30.7854,53.15,88,100,1.92,TR,1683868498
495,tongging,2.8969,98.5262,82.44,57,22,4.94,ID,1683868498
496,tafresh,34.692,50.013,67.03,18,69,2.24,IR,1683868498
497,watford city,47.8022,-103.2832,57.06,100,100,11.5,US,1683868499
498,manakara,-22.1333,48.0167,73.08,90,100,3.87,MG,1683868499
499,gondia,21.45,80.2,103.35,7,30,3.18,IN,1683868499
500,barcelos,41.5388,-8.6151,54.84,90,8,6.6,PT,1683868499
501,siyabuswa,-25.1132,29.0445,58.98,46,0,3.42,ZA,1683868499
502,el galpon,-25.3807,-64.6526,63.45,64,96,0.83,AR,1683868500
503,shawinigan,46.5668,-72.7491,55.83,67,100,3.15,CA,1683868476
504,booue,-0.0921,11.9385,73.2,99,100,0.63,GA,1683868500
505,dikhil,11.5,42.1667,80.31,70,11,6.15,DJ,1683868500
506,preobrazheniye,42.9019,133.9064,55.83,61,65,9.95,RU,1683867990
507,buala,-8.145,159.5921,84.7,76,70,10.96,SB,1683868501
508,sovetskaya gavan',48.9723,140.2878,47.53,60,1,9.84,RU,1683868501
509,eyl,7.9803,49.8164,84.97,69,97,14.9,SO,1683867743
510,coquimbo,-29.9533,-71.3436,55.13,100,100,2.3,CL,1683867998
511,axim,4.8699,-2.2405,80.49,84,100,3.62,GH,1683868501
512,mersing,2.4312,103.8405,89.44,60,44,6.31,MY,1683868502
513,at-bashi,41.1702,75.8106,61.34,29,100,0.67,KG,1683868503
514,itoman,26.1247,127.6694,77.4,59,40,11.5,JP,1683868019
515,takum,7.2667,9.9833,75.88,86,98,2.71,NG,1683868505
516,hisarya,42.5,24.7,47.88,73,100,0.54,BG,1683868505
517,purpe,64.4803,76.6897,18.34,76,94,9.26,RU,1683868506
518,filingue,14.3521,3.3168,86.58,41,99,14.74,NE,1683868506
519,nova sintra,14.8667,-24.7167,67.14,84,11,17.56,CV,1683867931
520,yanliang,34.6592,109.2292,81.55,29,60,9.86,CN,1683868507
521,olyokminsk,60.3736,120.4264,47.84,35,95,1.45,RU,1683868507
522,collie,-33.3667,116.15,65.79,34,98,6.87,AU,1683868507
523,quellon,-43.1167,-73.6167,55.65,94,100,3.44,CL,1683868508
524,beira,-19.8436,34.8389,69.89,100,20,5.75,MZ,1683867954
525,afua,-0.1567,-50.3867,74.68,95,90,1.95,BR,1683868508
526,palasa,18.7667,84.4167,94.6,44,97,10.18,IN,1683868509
527,kotel'nikovo,47.6317,43.1461,53.08,70,4,12.57,RU,1683868509
528,sambava,-14.2667,50.1667,77.25,73,3,7.25,MG,1683868510
529,tucupita,9.0622,-62.051,72.3,95,25,2.48,VE,1683868340
530,loango,-4.6719,11.8312,78.17,93,100,5.21,CG,1683868038
531,wynyard,-41.0,145.7167,63.99,49,10,7.14,AU,1683868511
532,road town,18.4167,-64.6167,80.56,72,89,15.59,VG,1683867986
533,coroata,-4.13,-44.1242,73.51,97,62,2.93,BR,1683868512
534,caala,-12.8525,15.5606,51.31,60,0,2.51,AO,1683868512
535,whitby,54.4877,-0.615,50.31,95,24,5.01,GB,1683868043
536,oranjemund,-28.55,16.4333,54.95,76,100,23.29,NA,1683868512
537,hami,42.8,93.45,82.35,7,75,5.5,CN,1683867935
538,ramapuram,13.1167,79.2,94.71,38,100,7.43,IN,1683868513
539,yamba,-5.9,22.3,69.04,78,51,2.91,CD,1683868334
540,alliance,40.9153,-81.1059,61.05,69,45,3.22,US,1683868514
541,faya-largeau,17.9257,19.1043,81.41,23,84,19.04,TD,1683867740
542,khargone,21.8167,75.6,103.32,10,32,13.02,IN,1683868514
543,toliara,-23.35,43.6667,75.16,77,12,5.12,MG,1683868514
544,solleftea,63.1667,17.2667,55.08,70,94,3.09,SE,1683868515
545,dame-marie,18.5667,-74.4167,77.27,82,19,2.91,HT,1683868515
546,gamba,-2.65,10.0,76.89,94,98,4.5,GA,1683868515
547,ikom,5.9667,8.7063,75.42,97,83,0.6,NG,1683868516
548,hanceville,34.0607,-86.7675,69.66,98,100,4.72,US,1683868516
549,chilecito,-29.1619,-67.4974,56.59,75,42,1.1,AR,1683868516
550,mili,6.0815,171.735,81.5,84,82,20.92,MH,1683868516
551,goundam,16.4145,-3.6708,85.78,15,99,3.29,ML,1683868517
552,kalabo,-14.97,22.6814,55.99,60,0,4.54,ZM,1683868517
553,griffith,41.5284,-87.4237,68.9,58,0,0.0,US,1683868518
554,ceelbuur,4.685,46.6176,81.9,68,87,16.84,SO,1683868518
555,santa rosalia,27.3167,-112.2833,64.51,51,2,8.9,MX,1683868518
556,sabang,5.8933,95.3214,84.11,72,98,2.06,ID,1683868042
557,bokoro,12.3807,17.0568,84.79,50,41,6.62,TD,1683868519
558,dhankuta,26.9833,87.3333,86.94,14,0,6.8,NP,1683868519
559,greymouth,-42.4667,171.2,50.85,58,4,2.13,NZ,1683868027
560,nadi,-17.8,177.4167,86.0,54,20,12.66,FJ,1683868018
561,cannonvale,-20.2833,148.7,69.19,64,13,18.54,AU,1683868520
562,susuman,62.7833,148.1667,42.21,67,99,7.0,RU,1683867975
563,lapinlahti,65.5833,30.5667,42.01,89,24,7.54,RU,1683868520
564,tokonou,9.65,-9.7833,72.54,85,38,8.14,GN,1683868521
565,labrador city,52.9463,-66.9114,31.91,69,0,4.61,CA,1683867942
566,plymouth,41.8334,-70.8328,59.67,78,0,0.0,US,1683868470
567,cadale,2.7603,46.3222,82.72,75,52,17.31,SO,1683868522
568,shetpe,44.1667,52.1167,60.12,53,86,10.69,KZ,1683868522
569,malango,-2.9627,119.9001,84.45,60,80,4.9,ID,1683868522
570,mhamid,29.82,-5.72,75.34,19,5,2.89,MA,1683868523
571,smithers,54.7804,-127.1743,61.12,33,0,4.61,CA,1683867995
572,gongchangling,41.1167,123.45,73.67,28,78,17.05,CN,1683868523
573,pointe-noire,-4.7761,11.8635,78.6,93,100,5.08,CG,1683868524
574,aksu,41.1231,80.2644,78.6,7,13,7.45,CN,1683868524
575,merizo village,13.2658,144.6691,90.16,88,31,6.96,GU,1683868016
576,sikonge,-5.6333,32.7667,65.57,83,23,4.21,TZ,1683868524
577,hastings,50.8552,0.5729,52.32,53,78,14.41,GB,1683868524
578,noumea,-22.2763,166.4572,75.99,99,98,13.69,NC,1683868525
579,queenstown,-31.8976,26.8753,54.27,81,100,3.42,ZA,1683868033
580,thinadhoo,0.5333,72.9333,82.69,80,98,15.12,MV,1683867973
